,Test Accuracy,CV Score
Logistic Regression,0.9230769230769231,0.8203629032258066
SVM,0.8717948717948718,0.8586693548387098
KNN,0.8717948717948718,0.8522177419354839
Decision Tree,0.8461538461538461,0.8395161290322581
Random Forest,0.8974358974358975,0.8846774193548388
Gradient Boosting,0.8717948717948718,0.890725806451613
AdaBoost,0.8717948717948718,0.8911290322580646
